method,intra_cor,imp_V0,var0,pval_V0,imp_V1,var1,pval_V1
0.5*CPI,0.0,4.447473778602608,0.8148030947557334,5.403271185701014e-152,0.8518402511365786,0.027046725172801097,9.197995080640212e-95
0.5*CPI,0.02,4.0723045769055615,0.11495709167854967,1.484498290559877e-154,0.9809490533986931,0.39201875915504053,7.955623009486473e-112
0.5*CPI,0.05,4.126053793034201,0.10318272923039014,1.1338630710244545e-142,0.8588502200137945,0.04366184413862842,4.401560744384548e-113
0.5*CPI,0.1,4.088970211854438,0.16875443539352086,1.6352779312474944e-160,0.8471139453083383,0.035053066072067374,2.4148681180686214e-106
0.5*CPI,0.2,3.9425972715562274,0.13195889769148025,2.5820143542123025e-155,0.8371107997994403,0.06441707067171056,1.995518985506385e-99
0.5*CPI,0.3,3.6614045056569324,0.1494843825100252,1.6850814719297183e-149,0.7859857553905271,0.052487965004868124,1.7049991162373046e-83
0.5*CPI,0.5,3.0131779341417015,0.10667120919412984,2.4377279877617613e-145,0.6565139044035059,0.030096261028148608,9.876161080308134e-81
0.5*CPI,0.65,2.2712862247346104,0.11515511419820323,8.198339208139199e-125,0.5053979979224443,0.04523414883743354,5.880382232107545e-53
0.5*CPI,0.8,1.3655461477641815,0.06831035500815531,2.1922752633505325e-97,0.34443061101481154,0.03151111859583319,8.373457007220663e-40
0.5*CPI,0.9,0.42875436004874523,0.04292818499776903,6.110208428163081e-44,0.11647844007441062,0.020790876619531856,3.289282624266637e-17
PFI,0.0,9.566212888037406,1.7681112831255468,3.0841122202205213e-163,1.856546773144212,0.05898319090741533,4.9819644221156795e-108
PFI,0.02,8.880956100579972,0.23429436968035414,1.0477286995735093e-164,2.129604064487144,0.8555053631281525,3.1403277069778267e-127
PFI,0.05,8.984884938239581,0.2344900192739928,6.93739252903153e-159,1.8710220550074497,0.0943373560864041,3.38984072104919e-118
PFI,0.1,8.95627806791841,0.35553853265833074,3.471703443393134e-163,1.862758577518706,0.06892562087227551,4.2216592352590514e-110
PFI,0.2,8.883097389535719,0.28888446056885136,1.4402066633071239e-152,1.9165527012335146,0.1572257027364684,6.496685842997728e-113
PFI,0.3,8.776148699758773,0.39823661126264925,4.211833792533924e-150,1.9094200398879728,0.11258524401732511,3.915574363332615e-98
PFI,0.5,8.901511192758607,0.31116658910835604,1.5844818284067711e-142,1.9599569967289603,0.09615908389063246,9.480096459635743e-93
PFI,0.65,8.940492173682586,0.4501788195692655,1.4729264741085137e-141,2.0406974634423216,0.20016258378427165,7.44636888433498e-82
PFI,0.8,8.682518085952413,0.32235779735376313,8.86749615014079e-136,2.2157890123445134,0.21551509634928226,1.6159442014352628e-78
PFI,0.9,8.425737850947788,0.8595848505969375,7.098012229415484e-136,2.4055574285024415,0.44007479864707844,6.376649018092321e-79
LOCO,0.0,4.719380322842473,0.9812821585096767,0.0,0.7876826940238791,0.1457764345007073,4.8620058534787355e-09
LOCO,0.02,4.334724096719209,0.21013081029562647,0.0,0.9126926840691336,0.47241412796454607,4.85882009293448e-08
LOCO,0.05,4.323706436015744,0.2527830860318333,0.0,0.8000006253352273,0.06807311170159139,1.8743992691305777e-09
LOCO,0.1,4.269378409257056,0.27399915944672043,0.0,0.8058197203649913,0.11089160589084908,3.9946354002395886e-10
LOCO,0.2,4.112816778755969,0.21950441168695006,0.0,0.8006906636921464,0.19117022633749253,5.690729770746473e-08
LOCO,0.3,3.567518954599992,0.25232572610010084,0.0,0.7930988591493914,0.1464362574125294,1.0527872673637972e-07
LOCO,0.5,3.0245598841470627,0.23954660424907012,0.0,0.66392673852315,0.09863370810618156,3.2120605132468507e-06
LOCO,0.65,2.124128433749254,0.28173411075487714,1.955435813272288e-13,0.46894291654803544,0.17745677867632692,0.009028908982077487
LOCO,0.8,1.202806138411559,0.22149194102127528,3.8310178029909995e-09,0.30272188488244284,0.11393945269015762,0.025427282865821056
LOCO,0.9,0.6574806398721705,0.13508815385030093,6.083628014639242e-05,0.24442220718738814,0.08273374421866854,0.022552716261627873
LOCO-AC,0.0,6.2771420677343475,1.0875143039865545,6.814120084370426e-10,1.3124352482985553,0.18593769207816122,8.555343527700171e-07
LOCO-AC,0.02,6.576118959673314,0.22184602697615027,4.487451206374683e-09,1.5027214848016648,0.5492801268761331,6.023839623968411e-07
LOCO-AC,0.05,6.278449812013345,0.30631012291754467,2.694478621646604e-10,1.3500155097995679,0.13832651230006057,3.390048131474109e-07
LOCO-AC,0.1,5.649263745537342,0.3482579693416656,2.035343378620966e-09,1.3055045871159268,0.11124062228969592,8.351884895865759e-06
LOCO-AC,0.2,5.692096336138309,0.4427551922682292,6.430763289903803e-10,1.1970947520480135,0.19716550293741836,3.4046477854250826e-06
LOCO-AC,0.3,6.023217709491707,0.4236031839878001,2.579768378903236e-09,1.2002610508630285,0.16958599620056633,1.3024124298947448e-05
LOCO-AC,0.5,5.211835106800182,0.2904439925950425,3.2288805285690484e-06,1.082882065346523,0.16143600094260238,3.386156436167634e-05
LOCO-AC,0.65,3.383669798072372,0.21921365468724788,6.57866200349386e-08,0.8831662858857952,0.2077510062543663,5.4778627348891765e-05
LOCO-AC,0.8,1.9024080364012073,0.2574733378633517,4.714878413561683e-06,0.5002640579508655,0.1402614212990381,0.008300325724315667
LOCO-AC,0.9,1.1733395225659675,0.21144177730999825,7.84942996024828e-05,0.25420163273844903,0.13870072275178105,0.08945129850998479
Robust-CPI,0.0,5.041489470213835,0.9219656455990132,2.9084318773381862e-53,0.9973983365498148,0.033250772541675834,2.044895720224021e-36
Robust-CPI,0.02,4.602090899603307,0.1319250090998716,2.917778316236665e-53,1.1400881860946313,0.4608958478377002,8.502274159647662e-42
Robust-CPI,0.05,4.660777741629695,0.11987750641566129,7.755097088778879e-49,1.0030896149499642,0.04884004062851372,6.625455577809698e-42
Robust-CPI,0.1,4.591253077560668,0.19119409539432253,4.950185390910022e-53,0.9855617277286004,0.039430921951812595,1.5598103425418034e-40
Robust-CPI,0.2,4.459449665771102,0.14970413514988068,1.1419288249624101e-53,0.9655693149948178,0.07453395833172176,4.531984627608294e-37
Robust-CPI,0.3,4.1738945999100405,0.1568533878948575,1.4382202450378889e-51,0.9131537435871693,0.06401607614548079,6.23259624052502e-33
Robust-CPI,0.5,3.4248789522244563,0.11870305280134388,8.578359297526767e-51,0.7513968531049787,0.030901506462586766,4.037293462499393e-29
Robust-CPI,0.65,2.5881661548071953,0.12158120940625654,1.829735955238244e-45,0.581693251731864,0.05165286479367676,2.2920559159645952e-20
Robust-CPI,0.8,1.570382475363449,0.08806493909570556,2.7562760274042854e-35,0.40442316692624514,0.033022905088127906,4.6473677867689353e-17
Robust-CPI,0.9,0.4975631321530365,0.05061601848207182,1.0981466021746513e-16,0.12702347305245515,0.026040818801197407,1.960077878829001e-06
